{
    "motor_x": 849.8570413,
    "motor_x1": 69.0001215,
    "motor_y1": 0,
    "motor_y": 101.54832,
    "motor_z": 333.338375
}