{
    "?motor_": "记录的是对应轴的绝对坐标，每个轴有对应的复位红外作为零点",
    "motor_z": 334.940375,
    "motor_x": 585.2918604,
    "motor_x1": 63.998947,
    "motor_y1": 0.0,
    "motor_y": 189.00156
}