{
    "motor_y1": 0.0,
    "motor_x": 844.6528085,
    "motor_z": 333.5886875,
    "motor_y": 178.51556,
    "motor_x1": 56.99595
}